images/g13_JPG.rf.161c4331d7217f64a2a5c6bd78368e88.jpg,416.0,416.0,122.0,267.0,255.0,370.0,goal,0
images/g11_JPG.rf.9924b6b46819ee8703f6a4503223b587.jpg,416.0,416.0,244.0,93.0,391.0,280.0,goal,0
images/g14_JPG.rf.08947ae2e7dad4c177dac1b209339831.jpg,416.0,416.0,164.0,33.0,379.0,298.0,goal,0
images/g15_JPG.rf.4b02fe84d28e19a9f62984c69159b8a4.jpg,416.0,416.0,25.0,76.0,53.0,249.0,goal,0
images/g10_JPG.rf.b01e818e38fe545517716998eb6939ab.jpg,416.0,416.0,10.0,32.0,404.0,406.0,goal,0
images/g12_JPG.rf.8cebd9511a8e551a884dcfdd1bbb9a5e.jpg,416.0,416.0,302.0,109.0,391.0,286.0,goal,0
images/Goal_gettyimages-697770456-612x612_jpeg.rf.57299f2ca57c91e683ab099cf2d8d892.jpg,416.0,416.0,178.0,63.0,325.0,245.0,goal,0
images/g1_JPG.rf.95690bd6de5bb8e5b4c6c78f5297522d.jpg,416.0,416.0,268.0,45.0,401.0,197.0,goal,0
images/g25_JPG.rf.939ab290da4cf27968205fb690304beb.jpg,416.0,416.0,8.0,163.0,51.0,255.0,goal,0
images/g24_JPG.rf.e8559ade992de5a13501183ba8bd831e.jpg,416.0,416.0,85.0,63.0,241.0,314.0,goal,0
images/g21_JPG.rf.9aeed2991b8f7c2f67cccd75ac368936.jpg,416.0,416.0,49.0,183.0,153.0,320.0,goal,0
images/g19_JPG.rf.b94e94519b13ded4c634e585897e21e1.jpg,416.0,416.0,107.0,162.0,176.0,358.0,goal,0
images/g18_JPG.rf.32910455ffa2e441bb4bf1a1b68b75b7.jpg,416.0,416.0,30.0,309.0,147.0,413.0,goal,0
images/g27_JPG.rf.5b76ce733cdb9ef768d1a742431bb30e.jpg,416.0,416.0,5.0,12.0,401.0,413.0,goal,0
images/g17_JPG.rf.8ea218f2b28e5d3dd206e4d5aeee4aac.jpg,416.0,416.0,9.0,16.0,403.0,409.0,goal,0
images/g22_JPG.rf.587884af3f4709beb297bb9403eb32f5.jpg,416.0,416.0,203.0,169.0,276.0,344.0,goal,0
images/g28_JPG.rf.4b9d7d85a62030df8601dcf78e44c208.jpg,416.0,416.0,147.0,142.0,234.0,323.0,goal,0
images/g23_JPG.rf.ef1d29f2b34bc0adf7cb968d12187a07.jpg,416.0,416.0,48.0,64.0,107.0,154.0,goal,0
images/g16_JPG.rf.64f93846c084d30e3f1d063be6837059.jpg,416.0,416.0,7.0,20.0,404.0,414.0,goal,0
images/g26_JPG.rf.6d7a29082cccbda6fe0cd4dcd2bb3121.jpg,416.0,416.0,6.0,12.0,400.0,414.0,goal,0
images/goal_download--6-_jpeg.rf.eaff95f865057f3763ab10d9531db79e.jpg,416.0,416.0,133.0,4.0,386.0,245.0,goal,0
images/g9_JPG.rf.1e5821a7a8174e2d03a2a898ed170f55.jpg,416.0,416.0,7.0,140.0,145.0,301.0,goal,0
images/goal_download--2-_jpeg.rf.f943fd5f223ab0f35451b46a50f86588.jpg,416.0,416.0,247.0,16.0,334.0,273.0,goal,0
images/g5_JPG.rf.db99cb279a006c0e2ed4cd71158ab2a4.jpg,416.0,416.0,44.0,139.0,206.0,309.0,goal,0
images/goal_download--5-_jpeg.rf.b994e7b75c77d0e15a7c1beea5b37fc2.jpg,416.0,416.0,87.0,52.0,399.0,254.0,goal,0
images/goal_download--4-_jpeg.rf.45b3289646dcd5b2a8d222ee88e39618.jpg,416.0,416.0,37.0,90.0,159.0,321.0,goal,0
images/goal_download--1-_jpeg.rf.f005dd35de8c5fbb9b82f41a15b9c8a2.jpg,416.0,416.0,238.0,36.0,367.0,360.0,goal,0
images/goal_download--3-_jpeg.rf.67bb0c6152a7a5b46cb961f798f3e1b2.jpg,416.0,416.0,87.0,9.0,263.0,311.0,goal,0
images/g3_JPG.rf.c31b42b0621ab1be43a21df5a536f688.jpg,416.0,416.0,50.0,114.0,184.0,302.0,goal,0
images/g6_JPG.rf.3c42e06e61bbf63fcbd6e278ae542eb7.jpg,416.0,416.0,43.0,108.0,159.0,294.0,goal,0
images/g7_JPG.rf.6484100d40dcc376544c0052709f09d3.jpg,416.0,416.0,234.0,99.0,330.0,267.0,goal,0
images/g8_JPG.rf.878efb8cf1040c1f863ce6da5d5a31b5.jpg,416.0,416.0,65.0,127.0,214.0,291.0,goal,0
images/g2_JPG.rf.6f3a0b9648a488e25fd0f71ba11cf9d5.jpg,416.0,416.0,17.0,121.0,96.0,287.0,goal,0
images/g4_JPG.rf.d2689ff815188182376f702724f4c2fb.jpg,416.0,416.0,36.0,109.0,188.0,279.0,goal,0
images/goal_images--12-_jpeg.rf.333c80dd48ad4021d22a613440f4646d.jpg,416.0,416.0,159.0,142.0,347.0,357.0,goal,0
images/goal_download_jpeg.rf.252b213626a9f93e955ac9fca7d25b1f.jpg,416.0,416.0,52.0,129.0,187.0,372.0,goal,0
images/goal_images--14-_jpeg.rf.fe02a7b22160840f2d17d2d5ff48a2fe.jpg,416.0,416.0,44.0,8.0,316.0,338.0,goal,0
images/goal_download--8-_jpeg.rf.a3635f9f9132056b73819b81a6110619.jpg,416.0,416.0,91.0,27.0,248.0,310.0,goal,0
images/goal_images--10-_jpeg.rf.91bbec42faa2e6039e789e0e82eb0c13.jpg,416.0,416.0,26.0,71.0,174.0,255.0,goal,0
images/goal_images--1-_jpeg.rf.2a96e9883d6ad28c0c772d9964ba680c.jpg,416.0,416.0,140.0,74.0,266.0,230.0,goal,0
images/goal_images--2-_jpeg.rf.33d0ebeee1b037eb10c80a59accd07ac.jpg,416.0,416.0,144.0,6.0,300.0,334.0,goal,0
images/goal_images--19-_jpeg.rf.7a3b660c69479ab7b77124ead6ebf35e.jpg,416.0,416.0,32.0,140.0,251.0,412.0,goal,0
images/goal_images--18-_jpeg.rf.3445f717f55ee383e62dcf7c05c83c2b.jpg,416.0,416.0,264.0,267.0,398.0,392.0,goal,0
images/goal_images--11-_jpeg.rf.ca84223478014993f74cb10768ce3cf3.jpg,416.0,416.0,87.0,56.0,278.0,310.0,goal,0
images/goal_images--17-_jpeg.rf.42364827b2818d56b252b634b1895fa2.jpg,416.0,416.0,135.0,123.0,333.0,345.0,goal,0
images/goal_images--15-_jpeg.rf.0e9fb2f2ef54f227107fa4d100d74ab3.jpg,416.0,416.0,112.0,28.0,203.0,288.0,goal,0
images/goal_images--16-_jpeg.rf.8f60a9e3312cb5eae8871bd043a3e7bb.jpg,416.0,416.0,118.0,3.0,312.0,142.0,goal,0
images/goal_images--13-_jpeg.rf.d576a21f2049628b6ed5822c5270bb77.jpg,416.0,416.0,118.0,1.0,213.0,250.0,goal,0
images/goal_images--5-_jpeg.rf.f5b08d3d5f7ee46afc3a4078a109a5b2.jpg,416.0,416.0,34.0,26.0,217.0,343.0,goal,0
images/goal_images--8-_jpeg.rf.51b2f21b8f043c5362f5343bc1e0ee2a.jpg,416.0,416.0,63.0,71.0,277.0,289.0,goal,0
images/goal_images--3-_jpeg.rf.e26e85f9fc2ea38f189710afced67173.jpg,416.0,416.0,136.0,98.0,240.0,261.0,goal,0
images/goal_images--9-_jpeg.rf.d70add31536d5af263cc818f1cadb777.jpg,416.0,416.0,20.0,95.0,248.0,328.0,goal,0
images/goal_images--20-_jpeg.rf.8c0e6eefdd07d9c99ebc02447ce277ba.jpg,416.0,416.0,272.0,3.0,377.0,316.0,goal,0
images/goal_images--4-_jpeg.rf.32d8052b8ce61a671e89f9336976f039.jpg,416.0,416.0,22.0,206.0,339.0,398.0,goal,0
images/goal_images_jpeg.rf.18e223e0f34a36835575cd6c81782070.jpg,416.0,416.0,54.0,132.0,382.0,404.0,goal,0
images/frame11450_jpg.rf.741a669f32834c1a89c34af9c252261c.jpg,416.0,416.0,42.0,40.0,350.0,210.0,penalty kick,1
images/frame11802_jpg.rf.57192d7333326e74a944b7eca273f07a.jpg,416.0,416.0,114.0,80.0,207.0,314.0,penalty kick,1
images/frame10589_jpg.rf.3e69e00589c204f2b436ae6cecc6cb72.jpg,416.0,416.0,126.0,99.0,365.0,267.0,penalty kick,1
images/frame10583_jpg.rf.89f3c4dbe630ae063a2d5e1522df72c1.jpg,416.0,416.0,125.0,117.0,354.0,261.0,penalty kick,1
images/frame1001_jpg.rf.e6dd7ea81544fc5544c619240c89837c.jpg,416.0,416.0,190.0,49.0,254.0,375.0,penalty kick,1
images/frame11808_jpg.rf.798874587b1e0a82f7e03fb6c5aa0a0c.jpg,416.0,416.0,139.0,88.0,206.0,354.0,penalty kick,1
images/frame11452_jpg.rf.290d2c97074ae68ac1884fc66f6c3fe6.jpg,416.0,416.0,31.0,42.0,360.0,207.0,penalty kick,1
images/frame11156_jpg.rf.4660e4f757a681546783d0a8c3ed4ca5.jpg,416.0,416.0,171.0,7.0,275.0,365.0,penalty kick,1
images/frame11157_jpg.rf.69d72faec2523e0d1999908e1e8582f3.jpg,416.0,416.0,173.0,10.0,265.0,347.0,penalty kick,1
images/frame2194_jpg.rf.762f297563bdab713c99e692963cd226.jpg,416.0,416.0,134.0,30.0,272.0,299.0,penalty kick,1
images/frame3214_jpg.rf.c38223133279a19d6fb7e2a46e360527.jpg,416.0,416.0,70.0,70.0,404.0,348.0,penalty kick,1
images/frame3853_jpg.rf.be936035209710e413d741f87c650fbb.jpg,416.0,416.0,8.0,106.0,345.0,332.0,penalty kick,1
images/frame2312_jpg.rf.78d6f10b5cb8c9a33d75cffa8a9d638e.jpg,416.0,416.0,137.0,68.0,402.0,246.0,penalty kick,1
images/frame1971_jpg.rf.f3a01c9615be4ef6bb6e33ca9ac6c7cb.jpg,416.0,416.0,39.0,53.0,402.0,269.0,penalty kick,1
images/frame2751_jpg.rf.d7f8a67679cb2126acaac27fc11d865a.jpg,416.0,416.0,4.0,53.0,350.0,259.0,penalty kick,1
images/frame1234_jpg.rf.7d0599e2ec87b644043ca130793d9dda.jpg,416.0,416.0,67.0,94.0,383.0,271.0,penalty kick,1
images/frame2754_jpg.rf.0118807b10f2d1ce9c4146629cca4561.jpg,416.0,416.0,6.0,61.0,336.0,276.0,penalty kick,1
images/frame3209_jpg.rf.8c8769bcf01dd9c34cef953e9130cbb1.jpg,416.0,416.0,10.0,80.0,404.0,321.0,penalty kick,1
images/frame3575_jpg.rf.73c36f4c33238bca4b07b9981112d270.jpg,416.0,416.0,9.0,163.0,297.0,299.0,penalty kick,1
images/frame3849_jpg.rf.d42621161cea3d585d645a3033f27da9.jpg,416.0,416.0,17.0,138.0,405.0,324.0,penalty kick,1
images/frame3581_jpg.rf.febe11bb22e5276661c9872105313887.jpg,416.0,416.0,11.0,165.0,285.0,285.0,penalty kick,1
images/frame514_jpg.rf.354f89ff2332789a384a669835a29b11.jpg,416.0,416.0,174.0,14.0,316.0,403.0,penalty kick,1
images/frame5431_jpg.rf.ebc58d6379b1fa683ad08baec3912656.jpg,416.0,416.0,125.0,1.0,235.0,365.0,penalty kick,1
images/frame5684_jpg.rf.fb21e7a513f192a808e472f25301fbc6.jpg,416.0,416.0,107.0,99.0,409.0,298.0,penalty kick,1
images/frame4908_jpg.rf.625c32d40580eb36154c68065dae8ad3.jpg,416.0,416.0,71.0,117.0,371.0,252.0,penalty kick,1
images/frame4913_jpg.rf.9c1080b2e891e8329392c4070e0b1b45.jpg,416.0,416.0,47.0,125.0,370.0,283.0,penalty kick,1
images/frame5952_jpg.rf.9121884dd32dcdf9411a226ed23d0608.jpg,416.0,416.0,85.0,30.0,246.0,412.0,penalty kick,1
images/frame5239_jpg.rf.d942129736ffeab4c7910f3b48e3c2c8.jpg,416.0,416.0,3.0,27.0,310.0,228.0,penalty kick,1
images/frame6356_jpg.rf.db21789fcd92c0575e0ae63c83b7897e.jpg,416.0,416.0,40.0,86.0,399.0,305.0,penalty kick,1
images/frame5244_jpg.rf.58ef2b46ccb105ce1479b8cefc258327.jpg,416.0,416.0,16.0,24.0,288.0,221.0,penalty kick,1
images/frame385_jpg.rf.67b52075c89ce945e140de5218421ee7.jpg,416.0,416.0,14.0,163.0,298.0,335.0,penalty kick,1
images/frame5681_jpg.rf.9339766057f0ae566cd77948429e67bb.jpg,416.0,416.0,86.0,90.0,405.0,307.0,penalty kick,1
images/frame5944_jpg.rf.30faace010c61435434449953867691b.jpg,416.0,416.0,93.0,22.0,251.0,407.0,penalty kick,1
images/frame6632_jpg.rf.f3f7d57be862269c003527b228f631e7.jpg,416.0,416.0,53.0,102.0,343.0,273.0,penalty kick,1
images/frame8553_jpg.rf.6d332ae93b99e430ce60cd21769d87ea.jpg,416.0,416.0,19.0,67.0,328.0,250.0,penalty kick,1
images/frame873_jpg.rf.30264a715901eb6d1c9a959904d90b74.jpg,416.0,416.0,68.0,126.0,354.0,264.0,penalty kick,1
images/frame7816_jpg.rf.717cb65f1f0d32b0412c5e66ee21f739.jpg,416.0,416.0,136.0,65.0,243.0,355.0,penalty kick,1
images/frame7026_jpg.rf.277c07ac8748f607d7ab1cf065f580f2.jpg,416.0,416.0,9.0,76.0,332.0,224.0,penalty kick,1
images/frame7694_jpg.rf.f10271b0bbfa58915d518e95b580113a.jpg,416.0,416.0,50.0,47.0,367.0,221.0,penalty kick,1
images/frame872_jpg.rf.e1f330818df7150cdd12d260f162cf6f.jpg,416.0,416.0,63.0,113.0,344.0,250.0,penalty kick,1
images/frame7808_jpg.rf.2d58ae7933da8ff62f798b5eb75c232e.jpg,416.0,416.0,115.0,53.0,245.0,386.0,penalty kick,1
images/frame7391_jpg.rf.e275499131948569af0792d3c5264930.jpg,416.0,416.0,145.0,10.0,224.0,177.0,penalty kick,1
images/frame8551_jpg.rf.66f0c55bd94fb4d1d4b42456e55ad400.jpg,416.0,416.0,13.0,67.0,321.0,245.0,penalty kick,1
images/frame7696_jpg.rf.9dd5b25a6d986a1446ea8cb30b34adab.jpg,416.0,416.0,37.0,25.0,354.0,232.0,penalty kick,1
images/frame6359_jpg.rf.de276d9de323fde2435f75528e624b8d.jpg,416.0,416.0,28.0,96.0,387.0,281.0,penalty kick,1
images/frame6636_jpg.rf.444d42c032f669c934df6fe5d20bc39a.jpg,416.0,416.0,63.0,99.0,390.0,288.0,penalty kick,1
images/frame9801_jpg.rf.d29c3d11d7e6a95e6a79939ed733d423.jpg,416.0,416.0,101.0,122.0,342.0,247.0,penalty kick,1
images/p17_jpg.rf.2bb7ea944e562e83de3187cfecc2f21a.jpg,416.0,416.0,105.0,9.0,296.0,369.0,penalty kick,1
images/p10_JPG.rf.5befac7a180b84b88f8b8a1b4715b07e.jpg,416.0,416.0,55.0,135.0,365.0,326.0,penalty kick,1
images/p11_JPG.rf.6c2b52bf3bfb3efc0a95f39ba29c2e8a.jpg,416.0,416.0,38.0,125.0,393.0,345.0,penalty kick,1
images/frame9797_jpg.rf.6299d647e3b93cf8cfff972e2884b969.jpg,416.0,416.0,104.0,114.0,331.0,245.0,penalty kick,1
images/p18_JPG.rf.c63b15d847f6246e4ff363e1ae5ac63b.jpg,416.0,416.0,36.0,135.0,348.0,301.0,penalty kick,1
images/frame8880_jpg.rf.12f570b27ccfe915b36b6b1afb71a12a.jpg,416.0,416.0,26.0,195.0,389.0,321.0,penalty kick,1
images/p15_JPG.rf.daedec8350b9e0ae0ae3c363ed7d691b.jpg,416.0,416.0,61.0,113.0,360.0,298.0,penalty kick,1
images/frame8878_jpg.rf.65f9de383f140024df2bb4f116dcebbc.jpg,416.0,416.0,4.0,83.0,410.0,308.0,penalty kick,1
images/p13_JPG.rf.f8e5ff610934e713a4292f0e9a10e626.jpg,416.0,416.0,45.0,118.0,404.0,297.0,penalty kick,1
images/p12_JPG.rf.c6a13d045c8b0bd3e1a90e114ed728b8.jpg,416.0,416.0,38.0,104.0,346.0,322.0,penalty kick,1
images/p16_JPG.rf.068fa1cabf4db49827b3d15ef2a1752a.jpg,416.0,416.0,28.0,111.0,338.0,294.0,penalty kick,1
images/p14_JPG.rf.a6060c292558ad5c05ff6e679ff9f6ce.jpg,416.0,416.0,61.0,113.0,370.0,312.0,penalty kick,1
images/p7_JPG.rf.e558ab3c3822a6ee1d76a8c9a88f120c.jpg,416.0,416.0,141.0,1.0,312.0,406.0,penalty kick,1
images/p22_JPG.rf.415240478f8e8e12b422186fde9c3b01.jpg,416.0,416.0,43.0,2.0,252.0,416.0,penalty kick,1
images/p3_JPG.rf.06a74c15c6b3dd0b96bea84178cc3dd8.jpg,416.0,416.0,25.0,99.0,392.0,270.0,penalty kick,1
images/p24_JPG.rf.a60f289479f54f24344e9afbad282349.jpg,416.0,416.0,60.0,4.0,268.0,410.0,penalty kick,1
images/p23_JPG.rf.c6df644961979cd815adb3aa00648fa5.jpg,416.0,416.0,62.0,107.0,390.0,314.0,penalty kick,1
images/p6_JPG.rf.6f7436a51c6ba59b9cd11d0804eb532f.jpg,416.0,416.0,71.0,10.0,339.0,337.0,penalty kick,1
images/p5_JPG.rf.aa53d6e87526357d67b3b3ef4226ab9a.jpg,416.0,416.0,23.0,48.0,375.0,233.0,penalty kick,1
images/p25_JPG.rf.8ca45cb81d752bea86639585de2faf9e.jpg,416.0,416.0,92.0,1.0,247.0,411.0,penalty kick,1
images/p19_JPG.rf.db95a3efc617449963eb76fd778afc85.jpg,416.0,416.0,45.0,137.0,384.0,335.0,penalty kick,1
images/p21_JPG.rf.67ef28924ccbf940fe1211f4040b6686.jpg,416.0,416.0,34.0,138.0,377.0,317.0,penalty kick,1
images/p20_JPG.rf.753b07793b28d84328c91262fa996242.jpg,416.0,416.0,46.0,137.0,390.0,333.0,penalty kick,1
images/p4_JPG.rf.16dc1597e6981b13a3f608b45cd2e686.jpg,416.0,416.0,126.0,27.0,248.0,387.0,penalty kick,1
images/penalty_download--2-_jpeg.rf.15fea3c6868c1cce2c2bb2f7faad01f3.jpg,416.0,416.0,14.0,25.0,373.0,282.0,penalty kick,1
images/p9_JPG.rf.3cbd642ea3c387cedd26fd81dcdc49b3.jpg,416.0,416.0,67.0,42.0,381.0,193.0,penalty kick,1
images/penalty_images--2-_jpeg.rf.883c1d4684176c6b19d062fc73b80bbe.jpg,416.0,416.0,24.0,77.0,404.0,315.0,penalty kick,1
images/penalty_penalty1_jpeg.rf.b85bb561211bfc085fa69a6e200d0908.jpg,416.0,416.0,109.0,119.0,409.0,241.0,penalty kick,1
images/penalty_gettyimages-697770456-612x612_jpeg.rf.01fdb5d12a09451537097493ca063d14.jpg,416.0,416.0,92.0,51.0,308.0,338.0,penalty kick,1
images/penalty_gettyimages-647672186-612x612_jpeg.rf.50282a41f68724d3f095771cf2bce625.jpg,416.0,416.0,152.0,47.0,416.0,230.0,penalty kick,1
images/Image_Framesimage132_jpg.rf.d5b14706e2bdf3261deaf9ae90074de3.jpg,416.0,416.0,337.0,90.0,414.0,275.0,corner kick,2
images/Image_Framesimage161_jpg.rf.c821253ea3a4b39a589be195fa34fc1d.jpg,416.0,416.0,290.0,26.0,341.0,101.0,corner kick,2
images/Image_Framesimage149_jpg.rf.bdc7c2cb1e5f697d4dc22c6399e9722f.jpg,416.0,416.0,180.0,91.0,225.0,170.0,corner kick,2
images/Image_Framesimage110_jpg.rf.fe3b609d994723afb5312eddc20b03da.jpg,416.0,416.0,48.0,4.0,270.0,416.0,corner kick,2
images/Image_Framesimage170_jpg.rf.1917b1e76561fb803ed066a22fce3572.jpg,416.0,416.0,138.0,1.0,294.0,315.0,corner kick,2
images/Image_Framesimage259_jpg.rf.d81d49dc52c4914d340958e26a3196e9.jpg,416.0,416.0,270.0,163.0,349.0,336.0,corner kick,2
images/Image_Framesimage121_jpg.rf.06226da0104ac2a3097e9bfbe57bd66d.jpg,416.0,416.0,243.0,1.0,306.0,113.0,corner kick,2
images/Image_Framesimage379_jpg.rf.7df662d5b74a3ef12df4cf5f347d5fc4.jpg,416.0,416.0,162.0,62.0,213.0,156.0,corner kick,2
images/Image_Framesimage80_jpg.rf.9be6432459a1c34e4405c24b47086772.jpg,416.0,416.0,250.0,51.0,323.0,195.0,corner kick,2
images/cornerkick0010_jpg.rf.07ff3ae8a033462f76a369f33274af80.jpg,416.0,416.0,10.0,66.0,392.0,409.0,corner kick,2
images/Image_Framesimage368_jpg.rf.f81e9c2cb19cd6bd2e8e0ed445aa2e4e.jpg,416.0,416.0,166.0,84.0,223.0,192.0,corner kick,2
images/Image_Framesimage350_jpg.rf.765c7fefeaa5ceb29d951f4e753714cb.jpg,416.0,416.0,140.0,47.0,300.0,376.0,corner kick,2
images/Image_Framesimage91_jpg.rf.59ccf6cc085bf4fbca655e009b875a6b.jpg,416.0,416.0,89.0,76.0,402.0,397.0,corner kick,2
images/Image_Framesimage408_jpg.rf.b980dfec20c19b761655979d4c1ee8a4.jpg,416.0,416.0,284.0,15.0,331.0,112.0,corner kick,2
images/Image_Framesimage331_jpg.rf.485540f1e09e4e1045f323bbec178cdf.jpg,416.0,416.0,164.0,55.0,211.0,134.0,corner kick,2
images/Image_Framesimage302_jpg.rf.13fab1cf8fa5c28ce6bf159fd68e39d3.jpg,416.0,416.0,189.0,185.0,294.0,325.0,corner kick,2
images/cornerkick0011_jpg.rf.87b1e23fe88132838d248428ef771a23.jpg,416.0,416.0,142.0,88.0,396.0,407.0,corner kick,2
images/cornerkick0017_jpg.rf.35d42dddd2f9308e19ead42577f5106e.jpg,416.0,416.0,60.0,103.0,224.0,416.0,corner kick,2
images/cornerkick0015_jpeg.rf.4a65e27a8f7638ef300fc64b510ae022.jpg,416.0,416.0,62.0,74.0,249.0,407.0,corner kick,2
images/cornerkick001_jpg.rf.bce8bc3dbea3b33cab6e88b29285363b.jpg,416.0,416.0,243.0,122.0,407.0,391.0,corner kick,2
images/cornerkick0012_jpg.rf.b63c39526ca3e4e9278af5f950dd4f3e.jpg,416.0,416.0,2.0,165.0,115.0,416.0,corner kick,2
images/cornerkick0020_jpg.rf.947530f596e8ba0c465319d700303442.jpg,416.0,416.0,244.0,165.0,378.0,404.0,corner kick,2
images/cornerkick0013_jpg.rf.55e4fd37d4882e1bfeba440ef68e4bf6.jpg,416.0,416.0,28.0,59.0,210.0,414.0,corner kick,2
images/cornerkick0014_jpg.rf.ca05bd917ae1a4331ddb9e0931fc0b56.jpg,416.0,416.0,19.0,144.0,148.0,386.0,corner kick,2
images/cornerkick0016_jpg.rf.201e3b24e4d114ca19fd8d13f7f526ca.jpg,416.0,416.0,146.0,123.0,233.0,399.0,corner kick,2
images/cornerkick0018_jpg.rf.84e9f2e9c629744153dcd15b11fdabbb.jpg,416.0,416.0,180.0,223.0,283.0,406.0,corner kick,2
images/cornerkick0019_jpg.rf.acdb58453d494e3542e73a20988e0f22.jpg,416.0,416.0,87.0,131.0,217.0,333.0,corner kick,2
images/cornerkick0023_jpg.rf.1b6c2e05ae63f65b87b1eeaea144ff78.jpg,416.0,416.0,24.0,139.0,124.0,384.0,corner kick,2
images/cornerkick0026_jpg.rf.d96a8c123366f9476777e762f888be65.jpg,416.0,416.0,117.0,5.0,389.0,415.0,corner kick,2
images/cornerkick0022_jpg.rf.c7e741201daf732afaa7eab9fa54fc4f.jpg,416.0,416.0,11.0,74.0,226.0,398.0,corner kick,2
images/cornerkick0030_jpeg.rf.c226188a110e46bd875de91b6a8533de.jpg,416.0,416.0,221.0,93.0,369.0,386.0,corner kick,2
images/cornerkick0021_jpg.rf.1914155425b404449ea92b76ec305406.jpg,416.0,416.0,103.0,38.0,392.0,378.0,corner kick,2
images/cornerkick0027_jpg.rf.7e985808a7a82ebb05cdd77423645817.jpg,416.0,416.0,165.0,57.0,366.0,373.0,corner kick,2
images/cornerkick0029_jpg.rf.723206b279d43650ee63e8cf1ab27f37.jpg,416.0,416.0,23.0,242.0,145.0,413.0,corner kick,2
images/cornerkick002_jpg.rf.00ec297f15805c867250dd4b8588c4c2.jpg,416.0,416.0,108.0,26.0,349.0,410.0,corner kick,2
images/cornerkick0028_jpg.rf.f2874a05d41f46d71c4bad970e6d9a44.jpg,416.0,416.0,86.0,5.0,287.0,416.0,corner kick,2
images/cornerkick0025_JPG.rf.212bba7486c04108239221f350e21de3.jpg,416.0,416.0,114.0,54.0,372.0,368.0,corner kick,2
images/cornerkick0024_jpg.rf.18b542f2c0b10a1b807bea415c89a98a.jpg,416.0,416.0,185.0,92.0,389.0,316.0,corner kick,2
images/cornerkick0036_jpg.rf.1ed68ba8cb9373c2ee8ce68181c0bceb.jpg,416.0,416.0,55.0,22.0,213.0,413.0,corner kick,2
images/cornerkick0037_jpg.rf.6496e04b6768d0477ab2c188a82f8849.jpg,416.0,416.0,149.0,107.0,362.0,371.0,corner kick,2
images/cornerkick0033_jpg.rf.06af98093f9a34f6ec8eb80ad3bc7ee4.jpg,416.0,416.0,60.0,25.0,233.0,397.0,corner kick,2
images/cornerkick0039_jpg.rf.70a4d76d75103369e3fdaf9463f5407b.jpg,416.0,416.0,184.0,54.0,395.0,384.0,corner kick,2
images/cornerkick0034_jpg.rf.3ec9303a391fb2238db9e91b83273e90.jpg,416.0,416.0,246.0,79.0,414.0,406.0,corner kick,2
images/cornerkick0038_jpg.rf.0cea112342eea659a9e5ef7f6b651806.jpg,416.0,416.0,7.0,79.0,195.0,383.0,corner kick,2
images/cornerkick0035_jpg.rf.d507e9a2b5dc86384dbf964646f4e486.jpg,416.0,416.0,193.0,77.0,280.0,345.0,corner kick,2
images/cornerkick0032_jpg.rf.423bdbebfd29ef3f215ccdd96362e737.jpg,416.0,416.0,21.0,132.0,379.0,414.0,corner kick,2
images/cornerkick0045_jpg.rf.7bf77db437ea6e751798356b0669bc1f.jpg,416.0,416.0,28.0,175.0,162.0,357.0,corner kick,2
images/cornerkick003_jpg.rf.82bff9e057f83675e48559303309203c.jpg,416.0,416.0,239.0,173.0,299.0,327.0,corner kick,2
images/cornerkick0043_jpg.rf.e184c49f23b00aa19144ecb207e89945.jpg,416.0,416.0,20.0,83.0,291.0,394.0,corner kick,2
images/cornerkick0041_jpg.rf.3820927575c4c85b7930d025afc04d9c.jpg,416.0,416.0,66.0,19.0,416.0,416.0,corner kick,2
images/cornerkick0046_jpg.rf.a6078267ba2c6c8120d714d4356dc253.jpg,416.0,416.0,100.0,6.0,319.0,402.0,corner kick,2
images/cornerkick0042_jpg.rf.0bd32378c793fddf8549e8ae7b7a6303.jpg,416.0,416.0,249.0,279.0,326.0,408.0,corner kick,2
images/cornerkick0050_jpg.rf.6e1d4c5cebf82b7c76d694f983824365.jpg,416.0,416.0,21.0,10.0,260.0,402.0,corner kick,2
images/cornerkick0049_jpg.rf.5354a59f6fbb7b9d5573159813c57f20.jpg,416.0,416.0,78.0,83.0,312.0,413.0,corner kick,2
images/cornerkick0047_jpg.rf.3ad719b2eab5e6f691d126306653ea60.jpg,416.0,416.0,158.0,76.0,290.0,411.0,corner kick,2
images/cornerkick005_jpg.rf.113d58a7053ef65b246ae89adf20ae1a.jpg,416.0,416.0,121.0,55.0,400.0,416.0,corner kick,2
images/cornerkick007_jpg.rf.c812cb60155629cad4c8c05ce714a198.jpg,416.0,416.0,92.0,91.0,297.0,415.0,corner kick,2
images/cornerkick004_jpg.rf.dae6830824af7b612db965b4b70817da.jpg,416.0,416.0,30.0,64.0,164.0,405.0,corner kick,2
images/cornerkick0048_jpg.rf.9f7e7e0aca9f130ea0e5a6859747f626.jpg,416.0,416.0,142.0,9.0,307.0,372.0,corner kick,2
images/cornerkick006_jpg.rf.4b9b46d8465500d1e761c8dbaff837f3.jpg,416.0,416.0,16.0,107.0,181.0,404.0,corner kick,2
images/image_2187_jpg.rf.ac02d7ac532e4c56d5eccbb520b43c93.jpg,416.0,416.0,116.0,55.0,246.0,373.0,corner kick,2
images/image_2189_jpg.rf.baf2e5af28924a2adcbb916689265a69.jpg,416.0,416.0,121.0,58.0,235.0,362.0,corner kick,2
images/image_2159_jpg.rf.5d75111d337737061cddf1c4af60242b.jpg,416.0,416.0,290.0,22.0,349.0,119.0,corner kick,2
images/image_2197_jpg.rf.ac3da57fbd0211ca958cca86f1428afb.jpg,416.0,416.0,47.0,40.0,130.0,206.0,corner kick,2
images/image_2188_jpg.rf.a0abcb2d50de50b9ab6f3fbd06ee64e8.jpg,416.0,416.0,108.0,73.0,252.0,362.0,corner kick,2
images/cornerkick008_jpg.rf.868b8759d42033303b0032141535f324.jpg,416.0,416.0,42.0,33.0,213.0,368.0,corner kick,2
images/image_2105_jpg.rf.766b6d6b15fa8aaebae507a27318fb35.jpg,416.0,416.0,116.0,70.0,243.0,402.0,corner kick,2
images/image_229_jpg.rf.881fc3269d01dc47afbc2b7a375ccdcc.jpg,416.0,416.0,237.0,217.0,347.0,391.0,corner kick,2
images/image_230_jpg.rf.edf2c72647287475dc8174f77d642fe3.jpg,416.0,416.0,249.0,253.0,335.0,383.0,corner kick,2
images/image_3_276_jpg.rf.d2c1dc254317e6f11b156b09af3e2980.jpg,416.0,416.0,189.0,62.0,402.0,380.0,corner kick,2
images/image_277_jpg.rf.69813a9fa3adc565ef1d075917cd623b.jpg,416.0,416.0,248.0,109.0,305.0,206.0,corner kick,2
images/image_3_265_jpg.rf.4b9d1389ab00894346c72fa14c63a5ec.jpg,416.0,416.0,282.0,76.0,341.0,181.0,corner kick,2
images/image_3_208_jpg.rf.ed37d6f005ac1f168640d9e596fa10ee.jpg,416.0,416.0,282.0,15.0,353.0,116.0,corner kick,2
images/image_3_117_jpg.rf.450c36d7950491124692647548d8cf19.jpg,416.0,416.0,134.0,62.0,195.0,174.0,corner kick,2
images/image_3_125_jpg.rf.0d5470df3b54a93a2d0719fb338a7059.jpg,416.0,416.0,116.0,12.0,254.0,297.0,corner kick,2
images/image_3_136_jpg.rf.d7553a6c1bd9ee3e5fbe4f2421da18d4.jpg,416.0,416.0,262.0,22.0,304.0,101.0,corner kick,2
images/image_3_61_jpg.rf.b7ba7238f28271bb8f450d74544f36a0.jpg,416.0,416.0,136.0,40.0,185.0,156.0,corner kick,2
images/image_3_364_jpg.rf.6433053d701a82a43a71e3f49e96b8a1.jpg,416.0,416.0,182.0,26.0,243.0,119.0,corner kick,2
images/image_3_339_jpg.rf.5d0d963c45d1db209d7b4490bfee746f.jpg,416.0,416.0,256.0,1.0,303.0,105.0,corner kick,2
images/image_3_382_jpg.rf.7d82e60d7b920e60179ebbc86e31f8ce.jpg,416.0,416.0,186.0,145.0,304.0,315.0,corner kick,2
images/image_3_363_jpg.rf.0edc729985efb05a0d45f397ac2534d3.jpg,416.0,416.0,170.0,33.0,235.0,134.0,corner kick,2
images/image_3_73_jpg.rf.b57b8699679d50aa945e4e4e4898d30b.jpg,416.0,416.0,298.0,12.0,337.0,102.0,corner kick,2
images/image_3_327_jpg.rf.92edb67aa604f869cba79b575c3bf085.jpg,416.0,416.0,73.0,19.0,268.0,402.0,corner kick,2
images/image_3_283_jpg.rf.dc544892b9b557e2b1ac9c7e82555b8e.jpg,416.0,416.0,284.0,58.0,357.0,192.0,corner kick,2
images/image_3_351_jpg.rf.f3ea30be77db56d5a26aa46668d7d595.jpg,416.0,416.0,185.0,40.0,246.0,174.0,corner kick,2
images/download--11-_jpg.rf.2c10c76e19b50199ba6e0831f881369d.jpg,416.0,416.0,148.0,8.0,203.0,182.0,foul,3
images/download--12-_jpg.rf.cbf80c08840b753e010d1bdc4e4a381d.jpg,416.0,416.0,119.0,47.0,164.0,125.0,foul,3
images/download--1-_jpg.rf.9bcfb3590e320176a8fd5566be3be0d4.jpg,416.0,416.0,116.0,1.0,283.0,415.0,foul,3
images/download--10-_jpg.rf.89cfa390d530ec51a1df8cd6ae2d1f89.jpg,416.0,416.0,120.0,1.0,210.0,207.0,foul,3
images/download_jpg.rf.0cbbb559012e7f43b8cefbc3a5780343.jpg,416.0,416.0,267.0,4.0,319.0,122.0,foul,3
images/download--5-_jpg.rf.adcb24e53d8d1fd8bdbce8fbc33f5e1d.jpg,416.0,416.0,66.0,98.0,152.0,415.0,foul,3
images/download--3-_jpg.rf.f57549d6ad0e198e79613c50e5ebcefc.jpg,416.0,416.0,219.0,4.0,344.0,130.0,foul,3
images/images--11-_jpg.rf.9160413a8f0e08c471fe796b97ed2996.jpg,416.0,416.0,173.0,1.0,237.0,95.0,foul,3
images/download--6-_jpg.rf.c9fef70f7de327e88a7308aef8241b6e.jpg,416.0,416.0,143.0,1.0,200.0,140.0,foul,3
images/download--2-_jpg.rf.cfbcdb036cc4bc4f8c8c5669a647ba01.jpg,416.0,416.0,240.0,3.0,298.0,91.0,foul,3
images/download--4-_jpg.rf.f150b42a4900e2b9f402cb6487d45816.jpg,416.0,416.0,178.0,8.0,264.0,299.0,foul,3
images/images--10-_jpg.rf.7af51596fbc2d81a33a14a5cb74536ac.jpg,416.0,416.0,133.0,40.0,189.0,178.0,foul,3
images/download--9-_jpg.rf.5e34413084ba3a03382a45a4f1cbccfb.jpg,416.0,416.0,38.0,8.0,99.0,187.0,foul,3
images/download--7-_jpg.rf.fc0a54b903d8491261d16b2533d1c47e.jpg,416.0,416.0,77.0,1.0,151.0,172.0,foul,3
images/download--8-_jpg.rf.7f650d1572e34c53c5ca4c7456535306.jpg,416.0,416.0,278.0,25.0,363.0,265.0,foul,3
images/images--1-_jpg.rf.409fe94aeeb4417a1d75d6819e79be89.jpg,416.0,416.0,123.0,1.0,193.0,115.0,foul,3
images/images--8-_jpg.rf.254a7a9e5f9bb2a5ff5c261ee10403e4.jpg,416.0,416.0,233.0,1.0,333.0,169.0,foul,3
images/images--6-_jpg.rf.3b2b7b51e6cf3554888e8837facc71ab.jpg,416.0,416.0,152.0,4.0,202.0,118.0,foul,3
images/images--5-_jpg.rf.a4b78d0dd957d8abb8138c5bf962cdab.jpg,416.0,416.0,165.0,4.0,263.0,241.0,foul,3
images/images_jpg.rf.34c434e27616a4096b5aefe3ccff3e52.jpg,416.0,416.0,213.0,1.0,260.0,138.0,foul,3
images/images--9-_jpg.rf.1974b9706e24f99801e45f180b14f9ca.jpg,416.0,416.0,53.0,1.0,180.0,185.0,foul,3
images/images--7-_jpg.rf.467f2c95087cd449d9ab488e1b3d993f.jpg,416.0,416.0,217.0,8.0,294.0,219.0,foul,3
images/images--2-_jpg.rf.c59c462eb845cc9a57c8c12a1fdc155e.jpg,416.0,416.0,56.0,16.0,105.0,142.0,foul,3
images/images--4-_jpg.rf.094a6fbc359d0fad19eddb0a0409beb9.jpg,416.0,416.0,55.0,1.0,140.0,209.0,foul,3
images/images--3-_jpg.rf.d2906c157e49bc7a518ac78881aa96a6.jpg,416.0,416.0,120.0,8.0,183.0,157.0,foul,3
images/images--12-_jpg.rf.7b2ba1e5f2c76eee0a1ee7b29bd0bfa2.jpg,416.0,416.0,297.0,4.0,368.0,149.0,foul,3
